,match_id
0,3804904
1,3804905
2,3804906
3,3804907
4,3804908
5,3804909
6,3804910
7,3804911
8,3804912
9,3804913
10,3804914
11,3804915
12,3804916
13,3804917
14,3804918
15,3804919
16,3804920
17,3804921
18,3804922
19,3804923
20,3804924
21,3804925
22,3804926
23,3804927
24,3804928
25,3804929
26,3804930
27,3804931
28,3804932
29,3804933
30,3804934
31,3804935
32,3804936
33,3804937
34,3804938
35,3804939
36,3804940
37,3804941
38,3804942
39,3804943
40,3804944
41,3804945
42,3804946
43,3804947
44,3804948
45,3804949
46,3804950
47,3804951
48,3804952
49,3804953
50,3804954
51,3804955
52,3804956
53,3804957
54,3804958
55,3804959
56,3804960
57,3804961
58,3804962
59,3804963
60,3804964
61,3804965
62,3804966
63,3804967
64,3804968
65,3804969
66,3804970
67,3804971
68,3804972
69,3804973
70,3804974
71,3804975
72,3804976
73,3804977
74,3804978
75,3804979
76,3804980
77,3804981
78,3804982
79,3804983
80,3804984
81,3804985
82,3804986
83,3804987
84,3804988
85,3804989
86,3804990
87,3804991
88,3804992
89,3804993
90,3804994
91,3804995
92,3804996
93,3804997
94,3804998
95,3804999
96,3805000
97,3805001
98,3805002
99,3805003
100,3805004
101,3805005
102,3805006
103,3805007
104,3805008
105,3805009
106,3805010
107,3805011
108,3805012
109,3805013
110,3805014
111,3805015
112,3805016
113,3805017
114,3805018
115,3805019
116,3805020
117,3805021
118,3805022
119,3805023
120,3805024
121,3805025
122,3805026
123,3805027
124,3805028
125,3805029
126,3805030
127,3805031
128,3805032
129,3805033
130,3805034
131,3805035
132,3805036
133,3805037
134,3805038
135,3805039
136,3805040
137,3805041
138,3805042
139,3805043
140,3805044
141,3805045
142,3805046
143,3805047
144,3805048
145,3805049
146,3805050
147,3805051
148,3805052
149,3805053
150,3805054
151,3805055
152,3805056
153,3805057
154,3805058
155,3805059
156,3805060
157,3805061
158,3805062
159,3805063
160,3805064
161,3805065
162,3805066
163,3805067
164,3805068
165,3805069
166,3805070
167,3805071
168,3805072
169,3805073
170,3805074
171,3805075
172,3805076
173,3805077
174,3805078
175,3805079
176,3805080
177,3805081
178,3805082
179,3805083
180,3805084
181,3805085
182,3805086
183,3805087
184,3805088
185,3805089
186,3805090
187,3805091
188,3805092
189,3805093
190,3805094
191,3805095
192,3805096
193,3805097
194,3805098
195,3805099
196,3805100
197,3805101
198,3805102
199,3805103
200,3805104
201,3805105
202,3805106
203,3805107
204,3805108
205,3805109
206,3805110
207,3805111
208,3805112
209,3805113
210,3805114
211,3805115
212,3805116
213,3805117
214,3805118
215,3805119
216,3805120
217,3805121
218,3805122
219,3805123
220,3805124
221,3805125
222,3805126
223,3805127
224,3805128
225,3805129
226,3805130
227,3805131
228,3805132
229,3805133
230,3805134
231,3805135
232,3805136
233,3805137
234,3805138
235,3805139
236,3805140
237,3805141
238,3805142
239,3805143
